{
    "bind_reset":{
        "text":"#bind_reset",
        "value":"hzBind_resetHorizon",
        "default":"/"
    },
    "bind_forward":{
        "text":"#bind_forward",
        "value":"+hzBind_forward",
        "default":"w"
    },
    "bind_back":{
        "text":"#bind_back",
        "value":"+hzBind_back",
        "default":"b"
    },
    "bind_right":{
        "text":"#bind_right",
        "value":"+hzBind_right",
        "default":"r"
    },
    "bind_left":{
        "text":"#bind_left",
        "value":"+hzBind_left",
        "default":"l"
    },
    "bind_score":{
        "text":"#bind_score",
        "value":"+hzBind_score",
        "default":"tab"
    },
    "bind_disableautostop_hold":{
        "text":"#bind_disableautostop_hold",
        "value":"+capMot_autostop_disable",
        "default":"key"
    },
    "bind_disableautostop_swit":{
        "text":"#bind_disableautostop_swit",
        "value":"capMot_autostop_switch",
        "default":"key"
    }
}