{
    "CFGSettings":{
        "text":"#CFGSettings",
        "settings":{
            "HorizonMessage":{
                "text":"#hzMsg",
                "options":{
                    "team":{
                        "text":"#hzMsg_team",
                        "value":"HorizonMessage_team"
                    },
                    "all":{
                        "text":"#hzMsg_all",
                        "value":"HorizonMessage_all"
                    },
                    "console":{
                        "text":"#hzMsg_console",
                        "value":"HorizonMessage_console"
                    },
                    "off":{
                        "text":"#hzMsg_off",
                        "value":"HorizonMessage_off"
                    }
                },
                "default":"team"
            }
        }
    },
    "MotionSettings":{
        "text":"#MotionSettings",
        "settings":{
            "autostopW":{
                "text":"#autostopW",
                "options":{
                    "on":{
                        "text":"#on",
                        "value":"capMot_autostopW_on"
                    },
                    "off":{
                        "text":"#off",
                        "value":"capMot_autostopW_off"
                    }
                },
                "default":"on"
            },
            "autostopS":{
                "text":"#autostopS",
                "options":{
                    "on":{
                        "text":"#on",
                        "value":"capMot_autostopS_on"
                    },
                    "off":{
                        "text":"#off",
                        "value":"capMot_autostopS_off"
                    }
                },
                "default":"on"
            },
            "autostopD":{
                "text":"#autostopD",
                "options":{
                    "on":{
                        "text":"#on",
                        "value":"capMot_autostopD_on"
                    },
                    "off":{
                        "text":"#off",
                        "value":"capMot_autostopD_off"
                    }
                },
                "default":"on"
            },
            "autostopA":{
                "text":"#autostopA",
                "options":{
                    "on":{
                        "text":"#on",
                        "value":"capMot_autostopA_on"
                    },
                    "off":{
                        "text":"#off",
                        "value":"capMot_autostopA_off"
                    }
                },
                "default":"on"
            },
            "mvkbWS":{
                "text":"#mvkbWS",
                "options":{
                    "off":{
                        "text":"#off",
                        "value":"capMot_mvkbWS_off"
                    },
                    "socd":{
                        "text":"#socd",
                        "value":"capMot_mvkbWS_socd"
                    },
                    "null":{
                        "text":"#null",
                        "value":"capMot_mvkbWS_null"
                    }
                },
                "default":"off"
            },
            "mvkbAD":{
                "text":"#mvkbAD",
                "options":{
                    "off":{
                        "text":"#off",
                        "value":"capMot_mvkbAD_off"
                    },
                    "socd":{
                        "text":"#socd",
                        "value":"capMot_mvkbAD_socd"
                    },
                    "null":{
                        "text":"#null",
                        "value":"capMot_mvkbAD_null"
                    }
                },
                "default":"off"
            },
            "autostopMsg":{
                "text":"#autostopMsg",
                "options":{
                    "on":{
                        "text":"#on",
                        "value":"capMot_autostop_msg_on"
                    },
                    "off":{
                        "text":"#off",
                        "value":"capMot_autostop_msg_off"
                    }
                },
                "default":"off"
            }
        }
    }
}